[
   {
      "id": "120363047219992763@g.us",
      "key": "jembut",
      "response": "kamu",
      "isImage": false,
      "image_url": "-"
   },
   {
      "id": "120363047219992763@g.us",
      "key": "wkwk",
      "response": "akwoakwo",
      "isImage": true,
      "image_url": "https://telegra.ph/file/363c9499b62ee1bca7c5b.jpg"
   },
   {
      "id": "120363250263136195@g.us",
      "key": "tes",
      "response": "apa",
      "isImage": false,
      "image_url": "-"
   },
   {
      "id": "120363267092736402@g.us",
      "key": "tes",
      "response": "tes",
      "isImage": false,
      "image_url": "-"
   },
   {
      "id": "6288290930198@s.whatsapp.net",
      "key": "tes",
      "response": "tes",
      "isImage": false,
      "image_url": "-"
   },
   {
      "id": "120363227226416221@g.us",
      "key": "DIAMOND RECEH",
      "response": "[[ *DIAMOND MLBB RECEH* ]]\n\n☞ 3💎 =Rp 1.600\n☞ 5💎 = Rp 2.000\n☞ 10💎 = Rp 3.500\n☞ 12💎 = Rp 4.000\n☞ 14💎 = Rp 4.500\n☞ 18💎 = Rp 5.200\n☞ 28💎 = Rp 8.000\n☞ 36💎 = Rp 10.000\n☞ 44💎 = Rp 12.500\n☞ 54💎 = Rp 15.000\n\n⟣────── ⊱ ⍟ ⊰──────⟢\n𝐍𝐨𝐭𝐞𝐝\n> via id server\n> proses fast 5-30menit max 24jam\n> harga sewaktu waktu bisa berubah",
      "isImage": false,
      "image_url": "-"
   },
   {
      "id": "120363227226416221@g.us",
      "key": "DIAMOND FF",
      "response": "[[ *DIAMOND FREE FIRE* ]]\n\n𝐏𝐚𝐤𝐞𝐭 𝐀\n☞ 70💎 = Rp 10.00\n☞ 100💎 = Rp 14.500\n☞ 140💎 = Rp 19.000\n☞ 160💎 = Rp 22.500\n☞ 210💎 = Rp 28.500\n☞ 300💎 = Rp 41.000\n☞ 355💎 = Rp 46.500\n☞ 425💎 = Rp 57.000\n☞ 475💎 = Rp 63.500\n☞ 545💎 = Rp 72.500\n☞ 645💎 = Rp 87.000\n☞ 710💎 = Rp 93.000\n☞ 800💎 = Rp 106.000\n☞ 925💎 = Rp 120.000\n\n𝐏𝐚𝐤𝐞𝐭 𝐁\n☞ 1050💎 = Rp 135.000\n☞ 1080💎 = Rp 139.000\n☞ 1200💎 = Rp 156.000\n☞ 1300💎 = Rp 168.000\n☞ 1440💎 = Rp 184.000\n☞ 1795💎 = Rp 230.000\n☞ 1800💎 = Rp 232.000\n☞ 1975💎 = Rp 254.000\n☞ 2140💎 = Rp 275.500\n\n𝐏𝐚𝐤𝐞𝐭 *C*\n☞ Level Up Pass = Rp 15.500\n☞ Member Mingguan = Rp 29.500\n☞ Member Bulanan = Rp 86.000\n\n⟣────── ⊱ ⍟ ⊰──────⟢\n𝐍𝐨𝐭𝐞𝐝\n> via id \n> proses fast 5-30menit max 24jam\n> harga sewaktu waktu bisa berubah\n> Harga Sudah Termasuk Pajak",
      "isImage": false,
      "image_url": "-"
   },
   {
      "id": "120363227226416221@g.us",
      "key": "weekly",
      "response": "[[ *WEEKLY DIAMOND PASS* ]]\n\n☞ Weekly 1 = Rp 27.500\n☞ Weekly 2 = Rp 55.500\n☞ Weekly 3 = Rp 83.500\n☞ Weekly 4 = Rp 110.000\n☞ Weekly 5 = Rp 137.500\n\n⟣────── ⊱ ⍟ ⊰──────⟢\n𝐍𝐨𝐭𝐞𝐝\n> via id server\n> total 220💎\n> proses fast 5-30menit max 24jam",
      "isImage": false,
      "image_url": "-"
   }
]